ticker,date,open,high,low,close
MRNA,2018-12-07,22.0,22.75,18.51,18.6
MRNA,2018-12-10,18.9,19.4388,18.0,18.8
MRNA,2018-12-11,20.55,20.66,17.99,18.01
MRNA,2018-12-12,18.55,19.48,18.02,18.68
MRNA,2018-12-13,19.25,19.29,18.68,18.76
MRNA,2018-12-14,18.75,18.8806,18.25,18.32
MRNA,2018-12-17,18.33,18.47,16.9,17.0
MRNA,2018-12-18,17.1,17.25,16.25,17.0
MRNA,2018-12-19,16.86,17.37,16.0,16.18
MRNA,2018-12-20,16.0,16.14,14.75,15.5
MRNA,2018-12-21,15.4,15.5,13.95,14.47
MRNA,2018-12-24,14.32,14.32,13.75,14.03
MRNA,2018-12-26,14.15,14.31,13.03,13.52
MRNA,2018-12-27,13.49,14.95,13.27,14.65
MRNA,2018-12-28,14.72,14.85,13.8184,14.15
MRNA,2018-12-31,14.24,15.3,14.2129,15.27
MRNA,2019-01-02,14.93,15.45,14.51,15.33
MRNA,2019-01-03,15.49,16.08,15.2,15.5
MRNA,2019-01-04,16.0,17.5,15.8944,16.96
MRNA,2019-01-07,17.54,17.94,16.18,16.27
MRNA,2019-01-08,17.35,17.468,16.05,16.95
MRNA,2019-01-09,17.2,17.25,16.15,16.33
MRNA,2019-01-10,16.36,16.51,16.0,16.48
MRNA,2019-01-11,16.6,17.06,16.53,17.0
MRNA,2019-01-14,17.0,17.06,16.72,16.74
MRNA,2019-01-15,17.0,17.0,16.41,16.59
MRNA,2019-01-16,16.8,16.95,16.26,16.26
MRNA,2019-01-17,16.05,16.53,16.05,16.31
MRNA,2019-01-18,16.46,16.8,16.25,16.69
MRNA,2019-01-22,16.62,16.6345,15.35,15.56
MRNA,2019-01-23,15.59,15.92,14.76,14.79
MRNA,2019-01-24,14.9,15.195,14.64,14.64
MRNA,2019-01-25,14.8,14.92,14.4,14.91
MRNA,2019-01-28,14.84,14.84,14.45,14.45
MRNA,2019-01-29,14.46,14.875,14.45,14.63
MRNA,2019-01-30,14.72,15.545,14.65,15.13
MRNA,2019-01-31,15.24,17.48,15.24,16.6
MRNA,2019-02-01,16.8,17.0075,15.9,16.22
MRNA,2019-02-04,16.22,16.49,15.95,16.27
MRNA,2019-02-05,16.29,17.49,16.2075,17.18
MRNA,2019-02-06,17.25,18.39,17.1101,18.14
MRNA,2019-02-07,17.95,18.0679,17.04,17.05
MRNA,2019-02-08,17.1,18.15,17.1,17.99
MRNA,2019-02-11,17.99,18.6462,17.7507,18.17
MRNA,2019-02-12,18.21,18.76,17.6,18.69
MRNA,2019-02-13,18.99,19.22,18.3,18.53
MRNA,2019-02-14,18.64,19.96,18.63,19.66
MRNA,2019-02-15,19.94,21.4674,19.7,21.44
MRNA,2019-02-19,21.51,21.513,20.05,20.83
MRNA,2019-02-20,21.12,21.2399,19.13,19.92
MRNA,2019-02-21,19.74,19.98,18.88,19.34
MRNA,2019-02-22,19.35,20.04,19.35,19.88
MRNA,2019-02-25,20.54,22.3,19.83,21.65
MRNA,2019-02-26,21.6,24.4,21.56,23.7
MRNA,2019-02-27,23.37,23.83,21.53,22.1
MRNA,2019-02-28,22.45,23.03,22.05,22.6
MRNA,2019-03-01,23.09,23.39,21.64,22.27
MRNA,2019-03-04,22.47,22.8,20.52,21.12
MRNA,2019-03-05,21.18,21.49,20.29,21.37
MRNA,2019-03-06,21.4,22.05,20.0604,20.65
MRNA,2019-03-07,20.42,21.155,19.6115,20.59
MRNA,2019-03-08,20.37,21.08,19.9,20.93
MRNA,2019-03-11,20.99,20.99,19.97,20.43
MRNA,2019-03-12,20.52,20.89,19.12,19.26
MRNA,2019-03-13,19.3,20.255,19.23,19.97
MRNA,2019-03-14,19.92,21.0,19.92,20.82
MRNA,2019-03-15,20.99,22.19,20.89,21.82
MRNA,2019-03-18,21.74,22.22,21.22,22.18
MRNA,2019-03-19,22.47,22.6,20.18,20.35
MRNA,2019-03-20,20.41,20.98,19.9,20.0
MRNA,2019-03-21,20.0,20.25,19.21,19.34
MRNA,2019-03-22,19.475,19.7,18.75,19.0
MRNA,2019-03-25,19.0,19.59,18.21,19.4
MRNA,2019-03-26,19.61,19.94,19.24,19.9
MRNA,2019-03-27,20.08,20.08,18.89,19.27
MRNA,2019-03-28,19.3,19.7398,19.0001,19.66
MRNA,2019-03-29,19.87,20.8,19.47,20.35
MRNA,2019-04-01,20.54,20.915,20.04,20.59
MRNA,2019-04-02,20.68,20.68,19.54,19.7
MRNA,2019-04-03,19.92,21.67,19.81,21.33
MRNA,2019-04-04,21.12,23.18,21.04,23.08
MRNA,2019-04-05,23.8,26.23,22.6648,25.96
MRNA,2019-04-08,25.9,29.79,25.6,27.23
MRNA,2019-04-09,27.3,28.4,26.3105,26.82
MRNA,2019-04-10,26.9,27.74,26.5,26.8
MRNA,2019-04-11,26.82,26.9899,24.26,25.73
MRNA,2019-04-12,26.0,26.0512,24.27,24.61
MRNA,2019-04-15,24.99,25.94,24.62,25.84
MRNA,2019-04-16,26.0,26.22,23.65,23.78
MRNA,2019-04-17,24.12,24.12,22.3135,23.5
MRNA,2019-04-18,23.47,23.55,22.43,22.51
MRNA,2019-04-22,22.7,23.99,22.5105,23.63
MRNA,2019-04-23,23.73,24.9833,23.73,24.7
MRNA,2019-04-24,24.8,25.76,24.29,25.76
MRNA,2019-04-25,25.76,26.72,25.43,25.74
MRNA,2019-04-26,25.83,27.3,25.69,26.26
MRNA,2019-04-29,26.28,27.2,24.9708,25.14
MRNA,2019-04-30,25.28,26.03,25.0,26.03
MRNA,2019-05-01,26.31,27.09,25.87,26.4
MRNA,2019-05-02,26.33,28.4897,26.19,28.34
MRNA,2019-05-03,28.89,28.95,26.85,27.2
MRNA,2019-05-06,26.38,27.81,26.25,27.1
MRNA,2019-05-07,27.18,27.2555,24.16,24.56
MRNA,2019-05-08,23.7,26.0,23.53,23.54
MRNA,2019-05-09,23.5,24.0,22.75,23.26
MRNA,2019-05-10,23.04,24.93,22.8,24.92
MRNA,2019-05-13,24.46,24.77,23.225,24.43
MRNA,2019-05-14,24.5,24.8899,23.57,23.59
MRNA,2019-05-15,23.46,23.84,22.81,23.12
MRNA,2019-05-16,23.5,24.05,23.15,23.46
MRNA,2019-05-17,23.31,23.4291,21.68,23.08
MRNA,2019-05-20,22.85,23.6,22.55,22.6
MRNA,2019-05-21,22.65,23.16,22.43,22.7
MRNA,2019-05-22,22.65,22.7677,21.93,22.0
MRNA,2019-05-23,21.75,21.94,21.01,21.38
MRNA,2019-05-24,21.56,22.0,21.41,21.83
MRNA,2019-05-28,22.3,22.46,21.44,21.54
MRNA,2019-05-29,21.71,21.898,21.16,21.7
MRNA,2019-05-30,21.84,21.9,21.05,21.59
MRNA,2019-05-31,21.16,21.38,20.74,20.78
MRNA,2019-06-03,20.79,20.99,18.82,19.85
MRNA,2019-06-04,19.76,20.74,19.23,19.47
MRNA,2019-06-05,19.2,19.2,17.2,17.7
MRNA,2019-06-06,17.83,18.921,17.61,17.94
MRNA,2019-06-07,17.71,18.4,17.3,17.52
MRNA,2019-06-10,17.85,17.99,15.67,15.67
MRNA,2019-06-11,16.09,16.88,15.75,16.0
MRNA,2019-06-12,16.11,16.36,15.62,16.3
MRNA,2019-06-13,16.42,17.59,16.05,16.16
MRNA,2019-06-14,16.25,16.675,15.32,15.4
MRNA,2019-06-17,15.54,15.85,15.28,15.77
MRNA,2019-06-18,15.9,16.19,15.5784,15.73
MRNA,2019-06-19,15.75,16.3025,15.37,15.5
MRNA,2019-06-20,15.85,15.935,14.86,15.18
MRNA,2019-06-21,15.2,15.32,14.5,14.7
MRNA,2019-06-24,14.41,14.6906,14.02,14.04
MRNA,2019-06-25,14.11,14.2499,13.65,13.77
MRNA,2019-06-26,13.92,14.18,13.65,13.7
MRNA,2019-06-27,13.5,14.405,13.5,14.34
MRNA,2019-06-28,14.41,14.64,14.11,14.64
MRNA,2019-07-01,14.86,15.08,14.47,14.73
MRNA,2019-07-02,14.71,14.71,14.0,14.4
MRNA,2019-07-03,14.5,15.33,14.4,15.31
MRNA,2019-07-05,15.47,15.47,14.83,14.96
MRNA,2019-07-08,14.89,14.9,14.14,14.29
MRNA,2019-07-09,14.31,14.85,14.15,14.85
MRNA,2019-07-10,14.94,15.22,14.05,14.48
MRNA,2019-07-11,14.56,14.7,14.12,14.44
MRNA,2019-07-12,14.27,14.48,14.06,14.2
MRNA,2019-07-15,14.28,14.46,14.0,14.32
MRNA,2019-07-16,14.32,14.475,14.0,14.14
MRNA,2019-07-17,14.17,14.59,14.0,14.03
MRNA,2019-07-18,14.09,14.28,13.9,14.26
MRNA,2019-07-19,14.29,14.4,14.01,14.11
MRNA,2019-07-22,14.22,14.32,13.91,14.05
MRNA,2019-07-23,14.06,14.13,13.12,13.6
MRNA,2019-07-24,13.75,14.52,13.473,14.47
MRNA,2019-07-25,14.51,14.65,13.5,13.51
MRNA,2019-07-26,13.59,14.18,13.36,14.12
MRNA,2019-07-29,14.17,14.33,13.56,13.69
MRNA,2019-07-30,13.61,13.76,13.29,13.4
MRNA,2019-07-31,13.42,13.51,13.04,13.1
MRNA,2019-08-01,13.2,13.4,12.71,13.01
MRNA,2019-08-02,13.0,13.0368,12.4,12.73
MRNA,2019-08-05,12.55,12.69,12.2,12.26
MRNA,2019-08-06,12.29,12.8675,11.9,12.29
MRNA,2019-08-07,12.26,14.5,11.54,12.85
MRNA,2019-08-08,12.91,13.3,12.3,13.19
MRNA,2019-08-09,13.14,13.55,12.97,13.33
MRNA,2019-08-12,13.42,13.68,12.984,13.02
MRNA,2019-08-13,13.0,13.395,12.76,13.3
MRNA,2019-08-14,13.08,13.22,12.5,12.74
MRNA,2019-08-15,12.72,12.95,12.47,12.67
MRNA,2019-08-16,12.85,13.24,12.79,13.16
MRNA,2019-08-19,13.25,13.5,13.02,13.4
MRNA,2019-08-20,13.87,14.65,13.6,14.15
MRNA,2019-08-21,14.25,14.41,13.76,14.29
MRNA,2019-08-22,14.37,14.43,14.04,14.16
MRNA,2019-08-23,14.08,14.36,13.83,13.88
MRNA,2019-08-26,14.01,15.38,14.0,14.97
MRNA,2019-08-27,15.17,15.5,14.12,14.51
MRNA,2019-08-28,14.51,15.04,14.38,14.82
MRNA,2019-08-29,14.91,15.2,14.61,15.18
MRNA,2019-08-30,15.3,15.75,15.2,15.73
MRNA,2019-09-03,16.1,16.5,14.35,14.88
MRNA,2019-09-04,15.11,15.59,14.8,15.42
MRNA,2019-09-05,15.65,16.13,15.02,15.53
MRNA,2019-09-06,15.56,16.18,15.14,15.88
MRNA,2019-09-09,15.98,16.23,15.36,16.03
MRNA,2019-09-10,16.06,17.34,15.97,17.09
MRNA,2019-09-11,17.34,17.59,15.89,15.92
MRNA,2019-09-12,16.23,18.46,16.2,16.4
MRNA,2019-09-13,16.45,17.04,16.06,16.71
MRNA,2019-09-16,16.73,17.31,16.69,17.05
MRNA,2019-09-17,17.46,17.95,17.19,17.66
MRNA,2019-09-18,17.77,18.0,17.35,17.78
MRNA,2019-09-19,17.71,18.42,17.617,17.9
MRNA,2019-09-20,18.14,18.39,17.75,18.07
MRNA,2019-09-23,18.24,18.48,17.56,17.83
MRNA,2019-09-24,17.83,17.99,17.25,17.82
MRNA,2019-09-25,17.71,17.71,17.1,17.18
MRNA,2019-09-26,17.41,17.51,16.1447,16.34
MRNA,2019-09-27,16.29,16.54,15.675,15.9
MRNA,2019-09-30,15.79,16.27,15.67,15.92
MRNA,2019-10-01,15.87,16.06,14.8,14.81
MRNA,2019-10-02,14.78,15.01,14.42,14.86
MRNA,2019-10-03,15.24,15.24,14.41,15.07
MRNA,2019-10-04,15.05,15.57,14.89,15.51
MRNA,2019-10-07,15.45,15.63,15.07,15.47
MRNA,2019-10-08,15.36,15.48,15.01,15.31
MRNA,2019-10-09,15.33,15.55,14.18,14.2
MRNA,2019-10-10,14.13,14.41,13.87,14.16
MRNA,2019-10-11,14.24,14.7,13.99,14.055
MRNA,2019-10-14,14.19,14.27,13.67,13.93
MRNA,2019-10-15,13.93,14.45,13.53,14.33
MRNA,2019-10-16,14.27,14.32,14.02,14.15
MRNA,2019-10-17,14.23,14.72,14.15,14.54
MRNA,2019-10-18,14.5,14.85,14.07,14.81
MRNA,2019-10-21,14.9,15.59,14.66,15.5
MRNA,2019-10-22,15.56,16.09,15.55,15.92
MRNA,2019-10-23,16.16,17.01,16.09,16.9
MRNA,2019-10-24,16.92,17.03,16.05,16.59
MRNA,2019-10-25,16.73,17.1,16.4301,17.01
MRNA,2019-10-28,17.01,17.15,16.8094,17.03
MRNA,2019-10-29,16.96,17.155,16.66,16.99
MRNA,2019-10-30,16.95,17.24,16.52,17.14
MRNA,2019-10-31,17.03,17.15,16.49,16.75
MRNA,2019-11-01,16.8,16.894,15.52,15.66
MRNA,2019-11-04,15.9,16.8,15.83,16.8
MRNA,2019-11-05,16.94,17.72,16.71,16.89
MRNA,2019-11-06,16.83,17.49,16.05,16.13
MRNA,2019-11-07,16.33,17.6084,16.2801,17.5
MRNA,2019-11-08,17.25,17.5,17.11,17.49
MRNA,2019-11-11,17.33,17.52,17.2,17.4
MRNA,2019-11-12,17.34,18.1,17.3025,17.99
MRNA,2019-11-13,18.0,18.5,17.71,18.25
MRNA,2019-11-14,18.16,18.5,17.91,18.34
MRNA,2019-11-15,18.39,19.43,18.35,19.37
MRNA,2019-11-18,19.21,19.45,18.67,19.45
MRNA,2019-11-19,19.27,19.87,19.0824,19.36
MRNA,2019-11-20,19.38,20.4,19.35,20.18
MRNA,2019-11-21,19.98,20.32,19.69,20.2
MRNA,2019-11-22,20.07,20.73,19.86,20.69
MRNA,2019-11-25,20.9,21.0,19.95,20.0
MRNA,2019-11-26,20.0,20.65,19.82,20.33
MRNA,2019-11-27,20.28,20.7,19.99,20.34
MRNA,2019-11-29,20.6,20.93,20.28,20.36
MRNA,2019-12-02,20.3,20.54,19.6,19.76
MRNA,2019-12-03,19.48,21.37,19.41,21.28
MRNA,2019-12-04,21.0,21.47,20.9325,21.27
MRNA,2019-12-05,21.49,21.5,20.57,20.64
MRNA,2019-12-06,20.78,21.04,18.82,18.94
MRNA,2019-12-09,19.07,19.3,18.67,18.82
MRNA,2019-12-10,18.78,19.09,18.58,18.87
MRNA,2019-12-11,19.03,19.11,18.53,18.65
MRNA,2019-12-12,18.56,19.045,18.32,18.45
MRNA,2019-12-13,18.47,18.72,18.32,18.62
MRNA,2019-12-16,18.6,18.97,18.22,18.52
MRNA,2019-12-17,18.54,18.7,18.31,18.44
MRNA,2019-12-18,18.48,19.0,18.48,18.64
MRNA,2019-12-19,18.58,19.67,18.5,19.41
MRNA,2019-12-20,19.4,20.0,19.05,19.83
MRNA,2019-12-23,19.79,19.85,19.34,19.7
MRNA,2019-12-24,19.69,19.79,19.35,19.75
MRNA,2019-12-26,19.82,20.11,19.66,19.86
MRNA,2019-12-27,19.99,20.0,19.25,19.52
MRNA,2019-12-30,19.54,19.94,18.94,19.05
MRNA,2019-12-31,18.96,19.64,18.96,19.56
MRNA,2020-01-02,19.57,19.81,18.88,19.23
MRNA,2020-01-03,19.02,19.36,18.72,18.89
MRNA,2020-01-06,18.7,18.74,18.01,18.13
MRNA,2020-01-07,18.15,18.32,17.68,17.78
MRNA,2020-01-08,17.99,18.08,17.76,17.98
MRNA,2020-01-09,18.0,18.55,17.9,18.4
MRNA,2020-01-10,21.0,21.0,19.05,19.14
MRNA,2020-01-13,19.26,20.36,18.6,20.26
MRNA,2020-01-14,20.45,20.4979,19.55,20.0
MRNA,2020-01-15,19.94,20.58,19.94,20.24
MRNA,2020-01-16,21.68,21.87,20.77,21.01
MRNA,2020-01-17,21.5,21.5,20.55,20.62
MRNA,2020-01-21,20.79,21.49,20.645,20.94
MRNA,2020-01-22,22.08,23.2,21.7,21.97
MRNA,2020-01-23,22.17,22.65,21.4,21.47
MRNA,2020-01-24,21.6,21.8793,20.9,21.12
MRNA,2020-01-27,22.1,23.12,21.12,22.74
MRNA,2020-01-28,23.5,23.5,21.8501,22.36
MRNA,2020-01-29,22.23,22.34,20.45,20.55
MRNA,2020-01-30,21.05,21.74,20.8,20.99
MRNA,2020-01-31,21.14,21.32,20.05,20.51
MRNA,2020-02-03,20.66,21.06,19.7,20.38
MRNA,2020-02-04,20.09,20.88,19.75,20.87
MRNA,2020-02-05,20.99,21.2,19.67,20.05
MRNA,2020-02-06,20.27,20.32,19.7,19.88
MRNA,2020-02-07,19.79,23.39,19.79,23.24
MRNA,2020-02-10,23.5,23.95,22.3832,23.65
MRNA,2020-02-11,22.09,22.74,21.28,21.35
MRNA,2020-02-12,19.64,19.67,18.5,19.01
MRNA,2020-02-13,19.36,19.8,18.89,19.045
MRNA,2020-02-14,19.27,19.29,18.85,19.0
MRNA,2020-02-18,19.14,19.35,18.57,18.91
MRNA,2020-02-19,19.09,19.24,18.725,18.92
MRNA,2020-02-20,18.86,19.17,18.42,18.54
MRNA,2020-02-21,18.47,18.55,17.91,18.23
MRNA,2020-02-24,19.23,19.28,18.3,18.59
MRNA,2020-02-25,22.15,26.55,20.51,23.76
MRNA,2020-02-26,29.05,29.98,27.08,29.16
MRNA,2020-02-27,35.88,35.98,23.05,26.16
MRNA,2020-02-28,23.38,25.95,22.015,25.93
MRNA,2020-03-02,27.0,30.75,25.21,29.88
MRNA,2020-03-03,27.87,28.6,26.6,27.91
MRNA,2020-03-04,27.99,28.72,26.8,27.49
MRNA,2020-03-05,27.49,28.95,26.535,28.01
MRNA,2020-03-06,27.98,29.8,27.67,29.61
MRNA,2020-03-09,30.0,30.0,24.16,24.29
MRNA,2020-03-10,25.71,25.93,21.28,22.34
MRNA,2020-03-11,22.54,25.7491,22.5235,23.61
MRNA,2020-03-12,22.8997,24.28,21.9,22.3
MRNA,2020-03-13,23.0,23.47,19.31,21.3
MRNA,2020-03-16,23.76,27.8,22.22,26.49
MRNA,2020-03-17,29.36,32.7,27.3148,28.18
MRNA,2020-03-18,27.13,32.54,26.55,31.58
MRNA,2020-03-19,32.78,34.98,25.19,28.27
MRNA,2020-03-20,29.25,30.23,26.2,28.2
MRNA,2020-03-23,28.71,29.81,26.25,26.57
MRNA,2020-03-24,27.09,27.25,24.36,25.82
MRNA,2020-03-25,25.0,27.98,24.79,27.13
MRNA,2020-03-26,27.56,28.79,27.56,27.94
MRNA,2020-03-27,28.37,31.09,27.95,30.05
MRNA,2020-03-30,30.59,31.69,28.27,30.48
MRNA,2020-03-31,30.6,30.98,29.2,29.95
MRNA,2020-04-01,30.05,30.94,29.44,29.67
MRNA,2020-04-02,30.6,33.39,29.84,33.2
MRNA,2020-04-03,32.81,35.66,32.72,34.84
MRNA,2020-04-06,34.91,35.185,33.33,34.64
MRNA,2020-04-07,33.81,34.03,30.9801,32.02
MRNA,2020-04-08,32.36,32.94,31.7501,32.42
MRNA,2020-04-09,32.55,32.92,31.32,31.86
MRNA,2020-04-13,32.0,32.98,31.71,32.9
MRNA,2020-04-14,34.0,34.99,33.15,34.66
MRNA,2020-04-15,34.64,38.45,33.72,37.25
MRNA,2020-04-16,38.0735,41.55,36.62,40.6
MRNA,2020-04-17,48.99,49.0,43.38,46.85
MRNA,2020-04-20,45.0,54.95,44.51,51.69
MRNA,2020-04-21,53.0,56.38,43.11,49.26
MRNA,2020-04-22,50.61,51.82,49.06,51.2
MRNA,2020-04-23,49.1,50.7,46.89,47.44
MRNA,2020-04-24,47.15,50.5,47.1416,50.5
MRNA,2020-04-27,51.53,51.7,47.3,48.05
MRNA,2020-04-28,50.4,50.45,47.17,47.88
MRNA,2020-04-29,46.6,46.9497,45.01,46.37
MRNA,2020-04-30,46.78,48.37,45.82,45.99
MRNA,2020-05-01,48.71,50.45,46.29,47.93
MRNA,2020-05-04,48.05,50.5,48.0,50.5
MRNA,2020-05-05,50.48,50.96,47.23,49.34
MRNA,2020-05-06,48.45,49.25,47.5201,48.95
MRNA,2020-05-07,55.78,55.99,51.06,53.19
MRNA,2020-05-08,53.06,59.88,52.15,59.25
MRNA,2020-05-11,59.6,67.67,59.1401,66.9
MRNA,2020-05-12,65.99,68.49,62.02,62.35
MRNA,2020-05-13,63.8003,66.97,60.29,65.18
MRNA,2020-05-14,64.79,65.39,61.44,64.56
MRNA,2020-05-15,63.79,67.67,63.01,66.69
MRNA,2020-05-18,86.14,87.0,75.66,80.0
MRNA,2020-05-19,78.07,79.75,70.32,71.67
MRNA,2020-05-20,70.01,74.48,67.41,73.47
MRNA,2020-05-21,73.05,73.16,65.31,67.05
MRNA,2020-05-22,69.93,70.6,67.14,69.0
MRNA,2020-05-26,66.4,66.59,57.05,57.71
MRNA,2020-05-27,51.2,53.34,46.1301,52.18
MRNA,2020-05-28,53.5,59.11,53.35,55.54
MRNA,2020-05-29,57.45,61.65,56.56,61.5
MRNA,2020-06-01,62.76,63.9,60.51,62.18
MRNA,2020-06-02,58.7,59.95,55.3553,59.87
MRNA,2020-06-03,57.51,63.37,57.1,59.89
MRNA,2020-06-04,61.61,61.93,58.52,60.59
MRNA,2020-06-05,58.49,59.19,56.63,58.19
MRNA,2020-06-08,58.3,59.38,56.72,59.1
MRNA,2020-06-09,58.55,59.405,57.73,58.23
MRNA,2020-06-10,58.8,60.72,58.6,60.07
MRNA,2020-06-11,62.95,66.6867,58.77,60.2
MRNA,2020-06-12,62.355,63.63,60.29,62.0
MRNA,2020-06-15,65.9,66.98,63.424,66.57
MRNA,2020-06-16,66.31,66.6,62.6,64.34
MRNA,2020-06-17,63.6,65.88,62.58,63.31
MRNA,2020-06-18,63.03,65.4,62.58,64.95
MRNA,2020-06-19,64.99,66.45,64.01,66.35
MRNA,2020-06-22,65.92,66.29,62.12,64.75
MRNA,2020-06-23,64.1,65.08,62.74,62.94
MRNA,2020-06-24,63.23,66.1559,63.14,64.84
MRNA,2020-06-25,67.0,67.0,58.51,62.0
MRNA,2020-06-26,60.71,62.29,59.14,61.28
MRNA,2020-06-29,61.82,63.0,59.4,62.08
MRNA,2020-06-30,62.18,65.159,61.8,64.21
MRNA,2020-07-01,63.0,63.73,59.12,61.59
MRNA,2020-07-02,60.0,61.8,55.8097,58.57
MRNA,2020-07-06,58.55,60.73,57.1,59.15
MRNA,2020-07-07,58.8,61.5,57.44,61.09
MRNA,2020-07-08,60.79,62.46,59.45,61.58
MRNA,2020-07-09,62.09,65.35,58.88,64.97
MRNA,2020-07-10,64.65,64.93,62.32,62.61
MRNA,2020-07-13,63.89,77.7499,63.8,71.78
MRNA,2020-07-14,74.0,76.9486,70.6201,75.04
MRNA,2020-07-15,87.52,88.37,78.01,80.22
MRNA,2020-07-16,80.1598,84.2899,79.6,81.81
MRNA,2020-07-17,83.35,95.21,82.61,94.85
MRNA,2020-07-20,87.86,90.85,78.05,82.68
MRNA,2020-07-21,80.91,82.43,79.07,80.86
MRNA,2020-07-22,79.61,84.12,79.11,83.225
MRNA,2020-07-23,82.05,82.68,72.2,75.33
MRNA,2020-07-24,69.05,73.9,66.54,73.21
MRNA,2020-07-27,80.63,80.98,76.16,79.91
MRNA,2020-07-28,81.0,83.85,79.5,81.49
MRNA,2020-07-29,81.98,82.82,76.5502,79.51
MRNA,2020-07-30,78.0,79.25,76.8,77.63
MRNA,2020-07-31,78.2,78.44,73.6038,74.1
MRNA,2020-08-03,74.98,77.99,73.03,77.98
MRNA,2020-08-04,78.192,78.62,75.5,78.46
MRNA,2020-08-05,77.49,77.49,73.69,75.8
MRNA,2020-08-06,75.79,76.25,73.12,73.76
MRNA,2020-08-07,74.38,75.39,73.01,74.1
MRNA,2020-08-10,74.27,75.0,71.41,72.01
MRNA,2020-08-11,69.52,71.4,67.0,68.97
MRNA,2020-08-12,75.67,75.75,68.3,69.52
MRNA,2020-08-13,69.09,69.18,67.05,67.83
MRNA,2020-08-14,68.06,70.36,67.86,69.15
MRNA,2020-08-17,69.14,70.78,68.38,69.76
MRNA,2020-08-18,68.28,69.7,65.23,67.03
MRNA,2020-08-19,66.74,69.17,66.6,68.0
MRNA,2020-08-20,67.79,68.0,66.63,67.81
MRNA,2020-08-21,67.5,68.02,65.6,66.45
MRNA,2020-08-24,67.15,67.85,62.88,64.88
MRNA,2020-08-25,64.32,66.696,63.55,66.25
MRNA,2020-08-26,67.62,71.64,66.03,70.5
MRNA,2020-08-27,69.98,70.32,67.01,68.03
MRNA,2020-08-28,68.04,68.95,67.15,67.49
MRNA,2020-08-31,67.14,67.2,62.54,64.89
MRNA,2020-09-01,63.54,64.5,62.5,63.32
MRNA,2020-09-02,62.84,64.89,61.3805,64.72
MRNA,2020-09-03,65.65,69.35,64.3,64.84
MRNA,2020-09-04,64.99,65.0,59.01,62.6
MRNA,2020-09-08,57.75,58.6,54.21,54.34
MRNA,2020-09-09,56.03,57.19,54.51,56.9
MRNA,2020-09-10,57.0408,60.32,56.87,57.56
MRNA,2020-09-11,58.49,59.51,57.45,59.34
MRNA,2020-09-14,60.15,63.85,60.115,63.67
MRNA,2020-09-15,65.0274,68.41,64.2293,66.88
MRNA,2020-09-16,67.64,70.04,66.73,68.84
MRNA,2020-09-17,68.5,70.9,64.6,67.89
MRNA,2020-09-18,68.28,70.0,66.1,69.87
MRNA,2020-09-21,68.6,69.48,65.46,69.26
MRNA,2020-09-22,67.5,69.19,66.67,68.72
MRNA,2020-09-23,67.865,68.62,65.77,67.16
MRNA,2020-09-24,65.5,66.77,63.64,65.17
MRNA,2020-09-25,65.8865,69.73,65.67,69.47
MRNA,2020-09-28,69.59,71.5,69.1,70.55
MRNA,2020-09-29,70.46,71.34,69.5851,70.52
MRNA,2020-09-30,72.51,75.39,70.16,70.75
MRNA,2020-10-01,69.57,70.2,68.16,70.03
MRNA,2020-10-02,67.9,72.77,67.25,68.81
MRNA,2020-10-05,69.64,72.02,69.05,71.95
MRNA,2020-10-06,72.0,73.92,70.31,71.04
MRNA,2020-10-07,71.23,73.24,70.959,72.37
MRNA,2020-10-08,73.5,73.76,72.01,72.93
MRNA,2020-10-09,73.42,73.67,72.39,73.0
MRNA,2020-10-12,73.61,75.8514,72.92,75.31
MRNA,2020-10-13,75.93,81.37,75.52,78.29
MRNA,2020-10-14,80.01,80.01,76.3252,76.56
MRNA,2020-10-15,75.48,76.49,73.7101,75.58
MRNA,2020-10-16,76.06,76.93,73.665,73.94
MRNA,2020-10-19,73.97,74.09,70.5,70.96
MRNA,2020-10-20,72.07,73.1,70.65,71.25
MRNA,2020-10-21,71.57,71.5784,68.06,68.37
MRNA,2020-10-22,68.5035,72.53,68.4,70.84
MRNA,2020-10-23,72.3,72.3997,68.8,70.53
MRNA,2020-10-26,70.36,71.32,68.7,70.24
MRNA,2020-10-27,70.45,71.35,68.81,70.67
MRNA,2020-10-28,68.95,69.47,65.4899,65.74
MRNA,2020-10-29,68.35,74.539,66.23,71.28
MRNA,2020-10-30,70.8,71.49,66.85,67.47
MRNA,2020-11-02,68.02,68.6,66.55,67.11
MRNA,2020-11-03,66.75,69.25,66.59,69.08
MRNA,2020-11-04,68.97,71.55,68.9188,69.81
MRNA,2020-11-05,71.09,71.59,70.16,71.48
MRNA,2020-11-06,71.42,74.16,70.87,72.45
MRNA,2020-11-09,77.75,80.25,75.42,77.74
MRNA,2020-11-10,80.0,80.38,73.52,76.05
MRNA,2020-11-11,77.05,83.98,76.13,82.44
MRNA,2020-11-12,85.18,87.93,83.83,87.81
MRNA,2020-11-13,86.62,90.53,85.22,89.39
MRNA,2020-11-16,100.31,103.2,93.3,97.95
MRNA,2020-11-17,97.23,97.8,91.6,93.15
MRNA,2020-11-18,93.87,94.0,88.6103,88.89
MRNA,2020-11-19,90.0,94.65,89.5114,92.77
MRNA,2020-11-20,95.0,98.43,94.82,97.61
MRNA,2020-11-23,100.77,101.77,98.62,101.03
MRNA,2020-11-24,98.4,99.89,93.54,98.56
MRNA,2020-11-25,99.03,109.29,98.65,109.18
MRNA,2020-11-27,115.12,130.06,114.86,127.03
MRNA,2020-11-30,144.0,153.87,141.05,152.74
MRNA,2020-12-01,177.66,178.5,130.33,141.01
MRNA,2020-12-02,138.63,149.8,128.1,143.0
MRNA,2020-12-03,143.5,159.11,143.01,157.26
MRNA,2020-12-04,157.59,157.82,148.51,152.52
MRNA,2020-12-07,155.03,163.98,152.97,159.52
MRNA,2020-12-08,165.75,170.51,164.3,169.86
MRNA,2020-12-09,170.2,170.8,147.2,156.59
MRNA,2020-12-10,151.13,159.5,148.01,155.69
MRNA,2020-12-11,159.7,163.75,155.89,156.93
MRNA,2020-12-14,163.4,163.761,152.561,155.07
MRNA,2020-12-15,157.0,157.28,142.46,147.22
MRNA,2020-12-16,137.75,141.334,134.31,137.03
MRNA,2020-12-17,137.92,146.97,137.3,144.0
MRNA,2020-12-18,141.51,145.0,135.06,140.23
MRNA,2020-12-21,140.84,147.26,137.79,138.3
MRNA,2020-12-22,139.0,141.4,123.0,125.88
MRNA,2020-12-23,120.05,132.0,115.0,130.34
MRNA,2020-12-24,125.94,129.7,122.72,123.39
MRNA,2020-12-28,120.04,122.88,111.05,111.4
MRNA,2020-12-29,107.796,116.25,106.88,114.39
MRNA,2020-12-30,118.4,118.941,108.8,111.13
MRNA,2020-12-31,110.55,113.55,102.66,104.47
MRNA,2021-01-04,107.23,113.63,103.26,111.73
MRNA,2021-01-05,113.82,114.98,107.2,109.18
MRNA,2021-01-06,111.11,116.93,110.28,116.26
MRNA,2021-01-07,120.1,122.82,112.13,115.09
MRNA,2021-01-08,116.52,117.71,111.49,112.75
MRNA,2021-01-11,112.75,121.24,112.62,117.26
MRNA,2021-01-12,117.93,124.91,117.12,124.55
MRNA,2021-01-13,123.7,127.58,120.74,124.06
MRNA,2021-01-14,122.8,130.98,122.8,129.72
MRNA,2021-01-15,129.6,133.29,126.58,129.65
MRNA,2021-01-19,122.1,126.36,120.5,125.01
MRNA,2021-01-20,124.51,126.01,122.25,125.14
MRNA,2021-01-21,125.28,137.0,125.25,132.98
MRNA,2021-01-22,132.5,135.87,128.9,131.02
MRNA,2021-01-25,138.4,147.43,137.25,147.0
MRNA,2021-01-26,145.15,154.55,145.0,151.93
MRNA,2021-01-27,151.2,164.55,149.0,155.73
MRNA,2021-01-28,154.105,168.0,153.62,159.55
MRNA,2021-01-29,174.99,185.98,166.2,173.16
MRNA,2021-02-01,173.03,174.5,154.3,157.48
MRNA,2021-02-02,158.52,159.054,147.1,158.58
MRNA,2021-02-03,156.6,168.39,156.4,165.86
MRNA,2021-02-04,166.42,173.73,164.25,173.31
MRNA,2021-02-05,170.99,177.5,170.26,176.24
MRNA,2021-02-08,177.0,189.26,176.81,185.98
MRNA,2021-02-09,186.21,187.0,177.27,179.52
MRNA,2021-02-10,182.74,185.22,176.37,179.34
MRNA,2021-02-11,178.29,184.22,176.2,183.44
MRNA,2021-02-12,184.89,185.0,177.58,183.74
MRNA,2021-02-16,182.41,184.18,173.509,178.53
MRNA,2021-02-17,174.28,178.01,171.62,176.76
MRNA,2021-02-18,171.593,175.47,168.0,169.57
MRNA,2021-02-19,173.54,179.3,170.53,174.74
MRNA,2021-02-22,167.8,170.35,158.58,159.37
MRNA,2021-02-23,151.25,151.99,136.009,150.17
MRNA,2021-02-24,150.41,151.0,143.47,144.79
MRNA,2021-02-25,150.78,160.98,145.86,148.38
MRNA,2021-02-26,157.98,159.6,150.88,154.81
MRNA,2021-03-01,154.463,157.78,145.25,157.4
MRNA,2021-03-02,153.5,154.471,146.44,146.81
MRNA,2021-03-03,146.09,147.32,131.0,131.22
MRNA,2021-03-04,128.7,135.47,126.69,132.3
MRNA,2021-03-05,133.073,134.27,121.12,132.19
MRNA,2021-03-08,129.15,133.55,122.48,123.47
MRNA,2021-03-09,127.11,132.3,125.6,130.87
MRNA,2021-03-10,133.62,135.715,128.793,129.75
MRNA,2021-03-11,132.982,140.85,131.48,140.47
MRNA,2021-03-12,134.04,138.742,133.2,136.99
MRNA,2021-03-15,136.77,143.85,135.01,143.66
MRNA,2021-03-16,148.5,157.75,145.84,156.02
MRNA,2021-03-17,150.25,152.083,143.25,147.55
MRNA,2021-03-18,144.45,147.61,140.86,141.46
MRNA,2021-03-19,143.06,145.18,138.53,143.74
MRNA,2021-03-22,144.19,147.92,141.85,145.6
MRNA,2021-03-23,145.61,146.19,136.38,136.52
MRNA,2021-03-24,137.25,137.74,131.01,131.61
MRNA,2021-03-25,127.33,134.31,126.42,133.33
MRNA,2021-03-26,133.38,135.6,128.02,133.28
MRNA,2021-03-29,130.11,131.3,121.9,123.42
MRNA,2021-03-30,123.15,123.598,117.341,118.49
MRNA,2021-03-31,121.1,131.8,119.328,130.95
MRNA,2021-04-01,132.2,136.637,130.34,132.55
MRNA,2021-04-05,132.6,133.193,127.04,129.91
MRNA,2021-04-06,130.11,138.249,128.16,133.53
MRNA,2021-04-07,132.37,135.16,130.21,131.47
MRNA,2021-04-08,132.85,135.9,132.06,133.88
MRNA,2021-04-09,133.51,144.0,133.34,140.92
MRNA,2021-04-12,142.37,143.49,136.36,139.4
MRNA,2021-04-13,146.8,152.11,145.35,149.71
MRNA,2021-04-14,153.66,160.92,152.49,160.03
MRNA,2021-04-15,159.0,163.58,155.23,159.87
MRNA,2021-04-16,158.68,171.92,158.21,170.81
MRNA,2021-04-19,166.61,168.196,159.6,161.91
MRNA,2021-04-20,160.32,162.73,153.27,156.78
MRNA,2021-04-21,158.6,170.11,157.69,169.5
MRNA,2021-04-22,168.26,179.0,164.62,168.1
MRNA,2021-04-23,170.305,175.51,168.35,173.63
MRNA,2021-04-26,171.79,179.6,168.88,177.61
MRNA,2021-04-27,178.36,185.53,178.18,183.41
MRNA,2021-04-28,182.37,182.89,176.12,178.68
MRNA,2021-04-29,183.327,186.8,174.76,175.67
MRNA,2021-04-30,175.59,184.0,174.52,178.82
MRNA,2021-05-03,183.9,189.0,182.21,186.02
MRNA,2021-05-04,185.335,188.49,171.63,173.59
MRNA,2021-05-05,178.1,180.7,156.81,162.84
MRNA,2021-05-06,148.0,163.47,143.56,160.5
MRNA,2021-05-07,165.78,169.02,160.816,163.15
MRNA,2021-05-10,164.01,164.76,155.71,158.55
MRNA,2021-05-11,151.31,161.99,150.06,158.99
MRNA,2021-05-12,154.11,158.91,151.15,152.68
MRNA,2021-05-13,152.6,155.62,146.85,149.87
MRNA,2021-05-14,150.85,162.46,150.4,161.38
MRNA,2021-05-17,159.0,163.37,156.723,160.43
MRNA,2021-05-18,160.16,165.75,157.9,159.53
MRNA,2021-05-19,155.74,160.07,154.51,157.99
MRNA,2021-05-20,159.92,166.81,158.89,165.97
MRNA,2021-05-21,168.93,169.28,161.35,161.45
MRNA,2021-05-24,162.881,166.8,161.01,164.17
MRNA,2021-05-25,166.56,171.74,165.1,169.26
MRNA,2021-05-26,168.7,175.62,168.51,175.59
MRNA,2021-05-27,174.2,180.0,173.63,179.54
MRNA,2021-05-28,178.623,186.64,178.36,185.01
MRNA,2021-06-01,184.08,185.279,178.8,184.66
MRNA,2021-06-02,183.9,194.5,183.28,191.6
MRNA,2021-06-03,188.89,200.0,188.633,195.22
MRNA,2021-06-04,197.9,207.38,197.33,206.07
MRNA,2021-06-07,207.103,227.71,206.42,219.57
MRNA,2021-06-08,220.1,222.345,202.5,213.0
MRNA,2021-06-09,212.3,221.5,212.01,217.44
MRNA,2021-06-10,216.62,221.88,207.7,217.0
MRNA,2021-06-11,211.9,218.9,211.8,218.85
MRNA,2021-06-14,213.273,213.49,198.0,207.41
MRNA,2021-06-15,203.49,207.85,199.2,201.59
MRNA,2021-06-16,200.0,203.98,193.202,197.84
MRNA,2021-06-17,200.0,203.922,197.72,202.47
MRNA,2021-06-18,201.393,204.84,194.51,199.19
MRNA,2021-06-21,200.86,211.04,200.0,208.24
MRNA,2021-06-22,210.76,222.405,210.25,221.36
MRNA,2021-06-23,219.98,224.57,205.55,212.04
MRNA,2021-06-24,214.38,221.49,213.46,220.14
MRNA,2021-06-25,221.26,226.51,216.33,219.94
MRNA,2021-06-28,223.0,225.091,215.6,222.94
MRNA,2021-06-29,221.19,238.4,219.33,234.46
MRNA,2021-06-30,237.98,245.7,232.41,234.98
MRNA,2021-07-01,236.3,236.71,227.67,235.11
MRNA,2021-07-02,235.1,238.9,230.14,234.3
MRNA,2021-07-06,229.62,234.6,225.43,233.34
MRNA,2021-07-07,231.76,231.86,220.82,221.9
MRNA,2021-07-08,215.66,233.41,214.07,232.79
MRNA,2021-07-09,231.965,233.8,224.28,232.81
MRNA,2021-07-12,230.98,242.389,229.2,239.34
MRNA,2021-07-13,239.14,239.82,233.801,235.15
MRNA,2021-07-14,237.245,249.92,237.22,246.66
MRNA,2021-07-15,246.66,261.22,245.505,259.675
MRNA,2021-07-16,276.92,288.88,271.5,286.43
MRNA,2021-07-19,284.54,317.88,283.14,313.59
MRNA,2021-07-20,318.22,342.51,292.0,307.33
MRNA,2021-07-21,298.51,325.88,293.62,321.11
MRNA,2021-07-22,319.0,329.6,316.29,323.48
MRNA,2021-07-23,330.9,349.45,325.17,348.83
MRNA,2021-07-26,352.0,362.0,329.15,335.87
MRNA,2021-07-27,335.309,344.889,318.29,328.5
MRNA,2021-07-28,333.01,350.99,327.5,349.32
MRNA,2021-07-29,350.64,351.22,336.0,345.64
MRNA,2021-07-30,346.9,359.9,342.28,353.6
MRNA,2021-08-02,360.0,365.6,343.2,346.61
MRNA,2021-08-03,348.5,386.98,344.5,386.51
MRNA,2021-08-04,385.0,433.0,377.11,419.05
MRNA,2021-08-05,409.72,443.99,403.0,416.26
MRNA,2021-08-06,410.3,419.26,393.61,413.72
MRNA,2021-08-09,411.301,493.757,409.66,484.47
MRNA,2021-08-10,485.5,497.49,454.0,456.76
MRNA,2021-08-11,443.57,453.73,372.0,385.33
MRNA,2021-08-12,400.0,406.35,377.09,391.42
MRNA,2021-08-13,405.24,406.32,387.1,389.78
MRNA,2021-08-16,379.27,379.57,349.0,373.86
MRNA,2021-08-17,361.0,402.49,358.55,401.86
MRNA,2021-08-18,406.5,413.3,386.21,398.8
MRNA,2021-08-19,385.0,394.92,375.0,375.53
MRNA,2021-08-20,374.547,387.49,369.26,382.98
MRNA,2021-08-23,390.34,411.97,385.772,411.89
MRNA,2021-08-24,405.69,407.58,387.56,394.94
MRNA,2021-08-25,391.7,413.8,387.97,397.87
MRNA,2021-08-26,395.45,404.67,392.152,400.3
MRNA,2021-08-27,398.825,398.98,378.72,382.22
MRNA,2021-08-30,369.0,389.04,362.8,370.69
MRNA,2021-08-31,375.91,384.68,370.5,376.69
MRNA,2021-09-01,382.837,394.98,375.2,389.94
MRNA,2021-09-02,393.13,402.8,390.515,397.66
MRNA,2021-09-03,392.71,416.81,388.68,416.7
MRNA,2021-09-07,409.5,438.55,408.96,436.39
MRNA,2021-09-08,433.72,437.17,418.2,422.9
MRNA,2021-09-09,429.93,459.42,427.09,455.92
MRNA,2021-09-10,463.156,464.85,448.11,449.38
MRNA,2021-09-13,448.0,448.81,415.0,419.72
MRNA,2021-09-14,419.27,443.76,418.633,427.71
MRNA,2021-09-15,427.455,437.8,422.16,434.46
MRNA,2021-09-16,431.21,446.64,429.0,440.65
MRNA,2021-09-17,438.53,442.0,406.87,430.05
MRNA,2021-09-20,417.507,435.45,416.511,423.33
MRNA,2021-09-21,424.3,439.59,420.3,434.04
MRNA,2021-09-22,433.09,443.73,428.6,440.72
MRNA,2021-09-23,439.785,458.5,438.79,454.6
MRNA,2021-09-24,448.08,453.61,426.61,430.14
MRNA,2021-09-27,430.601,434.0,407.255,408.84
MRNA,2021-09-28,398.56,403.296,376.03,384.21
MRNA,2021-09-29,393.21,397.98,375.554,378.9
MRNA,2021-09-30,381.82,390.6,377.1,384.86
MRNA,2021-10-01,358.33,359.115,323.41,341.09
MRNA,2021-10-04,308.88,330.555,305.0,325.84
MRNA,2021-10-05,331.0,338.033,327.2,332.11
MRNA,2021-10-06,318.71,325.68,300.62,302.42
MRNA,2021-10-07,295.46,317.35,293.58,309.36
MRNA,2021-10-08,310.8,314.05,297.54,304.91
MRNA,2021-10-11,299.32,314.11,298.1,305.1
MRNA,2021-10-12,313.035,315.94,301.91,311.13
MRNA,2021-10-13,314.9,327.74,313.3,321.5
MRNA,2021-10-14,329.0,337.36,322.1,331.88
MRNA,2021-10-15,341.01,341.549,318.5,324.21
MRNA,2021-10-18,322.26,338.54,320.537,334.84
MRNA,2021-10-19,339.105,347.87,331.01,333.61
MRNA,2021-10-20,334.01,338.6,329.36,333.01
MRNA,2021-10-21,337.21,341.52,333.4,339.57
MRNA,2021-10-22,332.539,335.75,317.18,326.54
MRNA,2021-10-25,327.36,350.06,323.27,349.56
MRNA,2021-10-26,352.0,356.77,341.37,345.74
MRNA,2021-10-27,344.25,350.64,338.34,340.88
MRNA,2021-10-28,343.1,353.28,341.54,347.92
MRNA,2021-10-29,344.47,347.7,337.25,345.21
MRNA,2021-11-01,334.99,338.07,320.55,337.17
MRNA,2021-11-02,338.74,349.45,337.04,348.64
MRNA,2021-11-03,350.0,350.1,336.2,345.92
MRNA,2021-11-04,295.81,297.73,278.0,284.02
MRNA,2021-11-05,241.57,246.1,210.96,236.99
MRNA,2021-11-08,233.06,245.92,233.06,244.68
MRNA,2021-11-09,246.07,250.57,232.21,236.85
MRNA,2021-11-10,230.1,239.105,225.57,228.96
MRNA,2021-11-11,227.67,232.27,221.6,225.82
MRNA,2021-11-12,225.86,232.56,224.419,231.19
MRNA,2021-11-15,230.825,236.6,225.63,235.07
MRNA,2021-11-16,234.01,239.99,230.286,234.28
MRNA,2021-11-17,234.79,249.14,234.57,242.23
MRNA,2021-11-18,246.12,253.19,243.79,251.41
MRNA,2021-11-19,265.415,274.84,258.09,263.78
MRNA,2021-11-22,268.07,289.0,264.2,282.69
MRNA,2021-11-23,277.74,281.98,269.18,276.38
MRNA,2021-11-24,273.01,275.28,266.31,273.39
MRNA,2021-11-26,319.34,350.15,313.0,329.63
MRNA,2021-11-29,370.33,376.65,350.27,368.51
MRNA,2021-11-30,351.58,357.64,337.29,352.43
MRNA,2021-12-01,330.0,336.36,310.57,310.61
MRNA,2021-12-02,301.29,318.47,291.03,301.49
MRNA,2021-12-03,318.09,318.785,293.6,306.72
MRNA,2021-12-06,280.85,287.48,256.56,265.33
MRNA,2021-12-07,268.14,287.77,263.07,282.35
MRNA,2021-12-08,282.38,288.28,272.91,283.4
MRNA,2021-12-09,285.19,285.71,271.33,272.21
MRNA,2021-12-10,235.405,261.966,233.51,257.06
MRNA,2021-12-13,257.4,275.78,256.971,271.99
MRNA,2021-12-14,264.295,278.33,257.201,277.16
MRNA,2021-12-15,271.799,290.35,271.55,283.28
MRNA,2021-12-16,284.2,287.134,277.07,282.02
MRNA,2021-12-17,275.57,296.39,269.0,294.8
MRNA,2021-12-20,321.305,321.305,275.12,276.38
MRNA,2021-12-21,275.5,281.3,257.2,268.14
MRNA,2021-12-22,264.06,267.0,245.5,251.36
MRNA,2021-12-23,250.41,253.65,238.5,249.99
MRNA,2021-12-27,243.0,252.72,240.58,246.88
MRNA,2021-12-28,245.365,254.57,237.58,241.44
MRNA,2021-12-29,239.33,249.489,233.2,247.88
MRNA,2021-12-30,243.83,254.32,242.135,251.6
MRNA,2021-12-31,249.88,259.199,246.7,253.98
MRNA,2022-01-03,247.12,249.42,231.08,235.05
MRNA,2022-01-04,232.2,239.43,225.24,233.06
MRNA,2022-01-05,232.1,237.88,214.6,215.23
MRNA,2022-01-06,216.035,222.22,205.23,216.06
MRNA,2022-01-07,216.414,221.967,211.95,213.86
MRNA,2022-01-10,211.37,241.99,207.5,233.7
MRNA,2022-01-11,226.0,228.0,220.28,221.39
MRNA,2022-01-12,220.48,228.5,218.76,222.89
MRNA,2022-01-13,219.56,221.5,209.58,210.17
MRNA,2022-01-14,204.01,212.76,200.08,204.73
MRNA,2022-01-18,196.914,198.82,185.39,186.61
MRNA,2022-01-19,188.84,191.34,173.41,174.07
MRNA,2022-01-20,174.99,177.47,166.215,167.52
MRNA,2022-01-21,166.23,171.254,157.29,160.07
MRNA,2022-01-24,153.47,158.0,138.17,157.3
MRNA,2022-01-25,156.01,168.26,150.0,152.54
MRNA,2022-01-26,157.99,165.85,152.8,154.96
MRNA,2022-01-27,157.43,158.28,146.54,148.62
MRNA,2022-01-28,149.95,159.87,146.76,159.47
MRNA,2022-01-31,159.97,170.33,154.56,169.33
MRNA,2022-02-01,175.2,177.57,167.29,172.74
MRNA,2022-02-02,170.807,177.2,163.58,169.61
MRNA,2022-02-03,165.07,170.1,163.2,163.95
MRNA,2022-02-04,165.64,167.5,160.25,163.01
MRNA,2022-02-07,162.203,165.54,156.27,160.27
MRNA,2022-02-08,155.2,157.17,147.57,153.31
MRNA,2022-02-09,154.37,164.23,154.173,164.03
MRNA,2022-02-10,158.0,168.67,157.54,160.42
MRNA,2022-02-11,161.25,168.79,160.08,161.32
MRNA,2022-02-14,157.526,159.5,138.14,142.47
MRNA,2022-02-15,142.49,152.93,139.211,151.12
MRNA,2022-02-16,147.62,152.39,144.5,151.81
MRNA,2022-02-17,150.2,154.66,145.28,146.36
MRNA,2022-02-18,147.55,151.456,141.31,145.74
MRNA,2022-02-22,142.26,151.2,141.86,144.97
MRNA,2022-02-23,145.17,145.719,134.0,135.73
MRNA,2022-02-24,139.865,156.42,138.12,156.23
MRNA,2022-02-25,156.02,156.19,147.01,151.33
MRNA,2022-02-28,150.98,155.47,147.44,153.6
MRNA,2022-03-01,152.48,156.379,147.92,149.52
MRNA,2022-03-02,149.44,150.57,140.44,147.86
MRNA,2022-03-03,147.9,149.232,139.53,141.52
MRNA,2022-03-04,140.82,143.91,135.91,136.46
MRNA,2022-03-07,135.12,138.4,126.28,126.46
MRNA,2022-03-08,125.0,136.96,122.01,129.28
MRNA,2022-03-09,132.075,145.28,132.05,142.49
MRNA,2022-03-10,139.51,140.83,135.85,139.52
MRNA,2022-03-11,140.75,145.8,138.0,138.2
MRNA,2022-03-14,140.2,166.75,139.73,150.07
MRNA,2022-03-15,156.27,158.0,141.75,148.12
MRNA,2022-03-16,150.0,169.8,149.67,169.36
MRNA,2022-03-17,167.75,172.137,160.66,168.26
MRNA,2022-03-18,171.58,180.8,170.1,178.93
MRNA,2022-03-21,179.91,182.6,172.44,175.38
MRNA,2022-03-22,175.38,188.0,168.18,186.72
MRNA,2022-03-23,184.66,185.75,176.8,178.73
MRNA,2022-03-24,175.84,181.86,172.35,179.68
MRNA,2022-03-25,178.25,179.19,163.031,165.92
MRNA,2022-03-28,167.37,174.45,165.8,173.08
MRNA,2022-03-29,174.07,182.1,171.03,180.64
MRNA,2022-03-30,182.57,187.71,172.77,174.92
MRNA,2022-03-31,175.22,178.437,171.11,172.26
MRNA,2022-04-01,173.35,179.03,170.6,176.59
MRNA,2022-04-04,177.24,180.87,171.07,172.54
MRNA,2022-04-05,169.25,172.395,160.43,162.05
MRNA,2022-04-06,157.48,161.64,150.705,154.62
MRNA,2022-04-07,153.13,159.774,151.39,159.0
MRNA,2022-04-08,156.79,165.18,156.6,160.84
MRNA,2022-04-11,156.15,163.35,152.1,160.0
MRNA,2022-04-12,158.99,164.778,157.0,159.5
MRNA,2022-04-13,158.37,172.46,155.69,169.66
MRNA,2022-04-14,168.59,170.75,164.85,165.49
MRNA,2022-04-18,165.0,165.89,154.27,154.75
MRNA,2022-04-19,151.77,153.67,147.23,152.72
MRNA,2022-04-20,152.97,153.67,146.56,150.12
MRNA,2022-04-21,149.43,154.71,144.03,144.5
MRNA,2022-04-22,143.23,148.81,139.865,140.34
MRNA,2022-04-25,139.9,151.37,139.4,150.41
MRNA,2022-04-26,148.48,151.74,143.99,145.79
MRNA,2022-04-27,146.09,149.85,139.31,142.43
MRNA,2022-04-28,143.73,148.45,136.085,142.52
MRNA,2022-04-29,144.47,150.35,134.19,134.41
MRNA,2022-05-02,134.87,146.45,134.82,142.08
MRNA,2022-05-03,141.93,149.28,137.53,146.54
MRNA,2022-05-04,153.48,155.46,142.228,155.05
MRNA,2022-05-05,151.87,152.0,138.65,142.02
MRNA,2022-05-06,139.7,140.6,131.0,134.4
MRNA,2022-05-09,132.79,141.653,131.78,135.8
MRNA,2022-05-10,137.4,139.055,127.61,132.32
MRNA,2022-05-11,130.74,134.91,122.72,123.43
MRNA,2022-05-12,120.6,132.937,119.01,130.17
MRNA,2022-05-13,132.31,141.65,132.31,137.91
MRNA,2022-05-16,135.87,141.6,133.82,136.26
MRNA,2022-05-17,137.52,143.89,136.09,142.28
MRNA,2022-05-18,138.41,144.13,136.29,137.71
MRNA,2022-05-19,140.87,148.5,140.46,143.38
MRNA,2022-05-20,143.07,144.77,131.35,136.25
MRNA,2022-05-23,137.6,141.31,136.235,137.62
MRNA,2022-05-24,136.235,136.6,126.77,132.06
MRNA,2022-05-25,130.98,133.0,126.28,130.85
MRNA,2022-05-26,130.85,136.14,126.53,135.8
MRNA,2022-05-27,137.38,148.54,136.59,147.66
MRNA,2022-05-31,145.055,149.44,142.74,145.33
MRNA,2022-06-01,146.09,149.08,140.87,143.4
MRNA,2022-06-02,140.2,142.5,130.92,140.18
MRNA,2022-06-03,139.58,143.38,135.07,137.15
MRNA,2022-06-06,137.99,143.0,136.71,140.0
MRNA,2022-06-07,139.37,146.355,137.96,145.34
MRNA,2022-06-08,147.47,152.73,146.75,148.53
MRNA,2022-06-09,148.46,148.74,134.0,134.04
MRNA,2022-06-10,132.89,134.69,124.53,127.12
MRNA,2022-06-13,122.71,124.78,115.61,117.13
MRNA,2022-06-14,117.26,123.15,115.89,121.56
MRNA,2022-06-15,122.44,131.38,122.44,128.53
MRNA,2022-06-16,124.38,125.255,118.06,121.08
MRNA,2022-06-17,120.73,128.77,120.2,128.03
MRNA,2022-06-21,130.495,134.575,129.67,129.99
MRNA,2022-06-22,127.5,139.9,126.59,136.07
MRNA,2022-06-23,136.04,143.66,132.8,143.26
MRNA,2022-06-24,143.99,144.89,138.22,144.27
MRNA,2022-06-27,143.0,146.4,138.49,145.36
MRNA,2022-06-28,143.4,149.79,140.95,142.19
MRNA,2022-06-29,140.425,144.36,138.618,142.81
MRNA,2022-06-30,143.4,147.35,135.52,142.85
MRNA,2022-07-01,141.93,151.1,139.54,149.95
MRNA,2022-07-05,148.66,158.79,146.84,155.54
MRNA,2022-07-06,154.51,161.01,150.4,159.56
MRNA,2022-07-07,159.5,173.66,159.38,172.4
MRNA,2022-07-08,170.72,180.73,170.36,176.23
MRNA,2022-07-11,173.51,180.48,171.29,175.26
MRNA,2022-07-12,174.73,176.9,170.16,173.25
MRNA,2022-07-13,168.88,176.65,167.15,171.24
MRNA,2022-07-14,169.24,170.862,155.93,159.92
MRNA,2022-07-15,161.0,167.0,155.93,166.91
MRNA,2022-07-18,169.11,172.73,162.56,163.4
MRNA,2022-07-19,166.76,167.98,161.27,167.14
MRNA,2022-07-20,167.0,172.51,163.92,166.89
MRNA,2022-07-21,165.36,171.89,165.25,168.89
MRNA,2022-07-22,170.0,171.105,161.435,163.52
MRNA,2022-07-25,162.75,167.268,159.13,165.69
MRNA,2022-07-26,166.3,166.3,159.905,160.9
MRNA,2022-07-27,161.0,161.282,154.1,158.02
MRNA,2022-07-28,157.0,158.81,151.73,158.07
MRNA,2022-07-29,161.44,164.6,159.44,164.09
MRNA,2022-08-01,163.85,166.179,160.06,161.51
MRNA,2022-08-02,161.03,165.29,160.76,160.81
MRNA,2022-08-03,167.74,189.33,167.74,186.49
MRNA,2022-08-04,185.75,197.44,185.47,194.18
MRNA,2022-08-05,189.271,192.4,182.26,186.84
MRNA,2022-08-08,185.2,190.28,180.09,182.94
MRNA,2022-08-09,176.01,180.71,169.202,171.14
MRNA,2022-08-10,174.09,176.68,169.82,174.27
MRNA,2022-08-11,174.435,179.85,171.06,171.81
MRNA,2022-08-12,172.68,173.95,168.64,171.18
MRNA,2022-08-15,172.85,179.33,171.85,176.78
MRNA,2022-08-16,176.0,180.13,166.605,167.96
MRNA,2022-08-17,165.044,167.62,157.68,158.0
MRNA,2022-08-18,157.0,158.51,148.26,150.0
MRNA,2022-08-19,147.64,150.75,144.99,146.1
MRNA,2022-08-22,145.25,148.88,141.57,142.47
MRNA,2022-08-23,141.7,144.808,139.21,143.78
MRNA,2022-08-24,142.66,144.22,140.63,141.43
MRNA,2022-08-25,142.25,142.28,137.78,142.05
MRNA,2022-08-26,142.8,145.5,136.66,136.7
MRNA,2022-08-29,135.09,139.37,135.0,137.26
MRNA,2022-08-30,137.9,138.0,132.818,135.93
MRNA,2022-08-31,136.95,139.88,131.71,132.27
MRNA,2022-09-01,131.13,139.0,130.11,138.95
MRNA,2022-09-02,140.36,140.93,137.469,138.57
MRNA,2022-09-06,138.0,138.4,129.82,130.08
MRNA,2022-09-07,129.68,135.1,129.58,134.9
MRNA,2022-09-08,136.7,142.26,136.1,141.28
MRNA,2022-09-09,142.04,142.65,138.06,142.28
MRNA,2022-09-12,142.0,144.788,139.76,140.32
MRNA,2022-09-13,136.06,138.23,131.05,131.3
MRNA,2022-09-14,134.01,141.82,133.59,139.4
MRNA,2022-09-15,138.61,139.84,135.58,135.86
MRNA,2022-09-16,134.37,139.88,133.76,137.74
MRNA,2022-09-19,135.7,135.99,123.685,127.9
MRNA,2022-09-20,125.8,134.35,125.79,129.705
MRNA,2022-09-21,130.37,131.79,125.68,125.76
MRNA,2022-09-22,124.316,126.08,122.9,124.32
MRNA,2022-09-23,122.81,125.01,121.25,123.64
MRNA,2022-09-26,123.34,125.88,119.56,119.69
MRNA,2022-09-27,120.58,125.16,120.25,122.23
MRNA,2022-09-28,123.58,126.29,121.82,122.15
MRNA,2022-09-29,119.9,120.58,115.03,118.07
MRNA,2022-09-30,118.44,122.58,118.08,118.25
MRNA,2022-10-03,119.32,122.398,115.41,120.99
MRNA,2022-10-04,123.67,126.41,123.5,125.67
MRNA,2022-10-05,122.4,126.74,121.61,125.62
MRNA,2022-10-06,124.78,127.64,122.93,125.15
MRNA,2022-10-07,121.5,123.36,118.46,119.32
MRNA,2022-10-10,119.32,125.25,118.47,123.42
MRNA,2022-10-11,123.29,124.78,118.94,120.72
MRNA,2022-10-12,135.555,141.47,129.61,130.72
MRNA,2022-10-13,126.36,136.12,126.19,134.72
MRNA,2022-10-14,135.68,136.16,131.315,134.0
MRNA,2022-10-17,135.52,140.32,133.0,139.25
MRNA,2022-10-18,140.74,141.0,132.39,134.09
MRNA,2022-10-19,132.5,133.29,122.92,123.52
MRNA,2022-10-20,122.94,124.69,118.31,118.38
MRNA,2022-10-21,123.77,130.3,122.03,128.32
MRNA,2022-10-24,127.49,133.96,126.72,133.02
MRNA,2022-10-25,134.0,138.35,133.001,136.57
MRNA,2022-10-26,137.25,147.68,137.02,142.0
MRNA,2022-10-27,143.38,146.25,140.8,144.11
MRNA,2022-10-28,142.84,151.19,142.84,150.97
MRNA,2022-10-31,149.43,154.34,148.57,150.33
MRNA,2022-11-01,154.77,158.88,152.41,154.62
MRNA,2022-11-02,154.2,156.18,148.3,148.62
MRNA,2022-11-03,138.76,150.746,135.09,147.5
MRNA,2022-11-04,149.62,160.74,143.645,158.41
MRNA,2022-11-07,158.46,165.49,155.81,164.04
MRNA,2022-11-08,162.46,167.49,159.06,164.61
MRNA,2022-11-09,162.5,169.83,162.35,163.21
MRNA,2022-11-10,164.525,169.28,161.71,168.56
MRNA,2022-11-11,168.31,172.135,162.74,171.2
MRNA,2022-11-14,169.27,184.24,169.27,179.03
MRNA,2022-11-15,180.66,187.87,178.35,185.47
MRNA,2022-11-16,184.44,188.65,182.88,185.25
MRNA,2022-11-17,181.33,184.44,178.98,183.9
MRNA,2022-11-18,184.0,188.45,181.22,181.59
MRNA,2022-11-21,179.71,180.79,175.17,176.75
MRNA,2022-11-22,176.08,179.83,170.27,179.59
MRNA,2022-11-23,178.01,179.36,174.58,176.81
MRNA,2022-11-25,175.01,179.14,173.41,176.4
MRNA,2022-11-28,177.09,184.22,174.67,175.38
MRNA,2022-11-29,176.15,179.0,171.53,173.15
MRNA,2022-11-30,173.52,176.75,169.06,175.91
MRNA,2022-12-01,173.41,185.9,172.38,181.48
MRNA,2022-12-02,178.5,182.8,177.0,182.35
MRNA,2022-12-05,180.99,183.685,173.59,175.93
MRNA,2022-12-06,175.02,175.78,169.7,173.54
MRNA,2022-12-07,172.31,180.385,171.85,179.0
MRNA,2022-12-08,179.12,185.21,177.52,184.7
MRNA,2022-12-09,185.0,185.409,177.1,177.35
MRNA,2022-12-12,175.53,175.773,162.78,165.13
MRNA,2022-12-13,187.33,208.52,184.02,197.54
MRNA,2022-12-14,195.08,217.25,192.541,208.95
MRNA,2022-12-15,207.61,212.44,202.09,207.25
MRNA,2022-12-16,206.37,209.85,190.62,193.29
MRNA,2022-12-19,200.0,204.0,187.86,189.89
MRNA,2022-12-20,189.0,204.22,187.54,201.16
MRNA,2022-12-21,201.85,210.22,199.75,210.04
MRNA,2022-12-22,209.82,212.47,201.61,208.34
MRNA,2022-12-23,206.69,208.99,197.56,199.08
MRNA,2022-12-27,199.9,201.43,179.83,180.17
MRNA,2022-12-28,180.0,183.75,174.51,176.5
MRNA,2022-12-29,178.19,182.5,175.4,178.86
MRNA,2022-12-30,176.22,179.69,172.31,179.62
MRNA,2023-01-03,180.85,184.39,178.23,178.99
MRNA,2023-01-04,182.42,183.61,175.63,177.36
MRNA,2023-01-05,174.8,175.514,171.6,173.51
MRNA,2023-01-06,174.96,181.74,171.4,180.35
MRNA,2023-01-09,181.8,188.36,177.27,183.95
MRNA,2023-01-10,182.7,189.81,181.503,189.65
MRNA,2023-01-11,188.57,189.65,182.668,186.64
MRNA,2023-01-12,186.54,189.29,179.15,188.06
MRNA,2023-01-13,185.08,192.12,185.05,192.0
MRNA,2023-01-17,187.895,194.63,187.64,190.69
MRNA,2023-01-18,200.322,207.51,195.02,197.02
MRNA,2023-01-19,196.21,197.31,190.32,190.38
MRNA,2023-01-20,190.6,194.585,188.52,193.98
MRNA,2023-01-23,192.61,198.86,192.21,196.94
MRNA,2023-01-24,195.83,197.06,193.215,196.76
MRNA,2023-01-25,194.33,194.96,189.75,193.07
MRNA,2023-01-26,194.43,195.0,187.55,193.24
MRNA,2023-01-27,191.91,193.52,188.28,189.35
MRNA,2023-01-30,187.23,187.59,180.64,180.87
MRNA,2023-01-31,176.5,180.21,173.78,176.06
MRNA,2023-02-01,174.7,176.3,167.28,174.3
MRNA,2023-02-02,173.4,176.73,170.51,176.35
MRNA,2023-02-03,172.74,178.74,172.4,173.25
MRNA,2023-02-06,171.98,174.41,169.67,170.27
MRNA,2023-02-07,170.26,171.87,167.03,171.06
MRNA,2023-02-08,169.33,170.39,164.15,164.34
MRNA,2023-02-09,167.03,170.1,163.19,164.48
MRNA,2023-02-10,164.0,169.51,162.65,169.28
MRNA,2023-02-13,168.73,171.77,166.01,171.48
MRNA,2023-02-14,170.89,176.04,169.29,175.62
MRNA,2023-02-15,173.17,177.37,172.45,177.28
MRNA,2023-02-16,173.07,176.2,171.59,172.31
MRNA,2023-02-17,163.0,166.72,160.66,166.6
MRNA,2023-02-21,165.25,166.86,159.49,160.09
MRNA,2023-02-22,160.35,161.49,157.0,158.17
MRNA,2023-02-23,153.73,157.5,143.719,147.57
MRNA,2023-02-24,140.53,144.27,138.21,139.26
MRNA,2023-02-27,139.52,140.91,136.72,138.27
MRNA,2023-02-28,138.27,140.96,137.37,138.81
MRNA,2023-03-01,138.39,140.28,133.66,135.66
MRNA,2023-03-02,135.36,139.03,135.34,137.86
MRNA,2023-03-03,138.68,144.855,138.15,143.2
MRNA,2023-03-06,143.3,145.06,142.63,144.03
MRNA,2023-03-07,143.78,145.74,139.68,141.05
MRNA,2023-03-08,140.32,142.53,140.32,142.08
MRNA,2023-03-09,142.04,144.03,136.516,137.36
MRNA,2023-03-10,137.06,141.55,135.592,138.29
MRNA,2023-03-13,138.49,148.94,138.06,147.9
MRNA,2023-03-14,148.98,154.88,148.05,151.28
MRNA,2023-03-15,148.88,151.19,147.61,149.6
MRNA,2023-03-16,149.67,152.852,147.97,151.78
MRNA,2023-03-17,151.92,154.48,149.1,150.02
MRNA,2023-03-20,150.01,156.57,148.66,154.52
MRNA,2023-03-21,154.54,155.7,151.82,152.1
MRNA,2023-03-22,153.31,153.68,148.07,148.18
MRNA,2023-03-23,149.92,153.76,146.9,149.42
MRNA,2023-03-24,149.74,152.57,148.97,150.88
MRNA,2023-03-27,149.8,150.38,145.36,148.35
MRNA,2023-03-28,147.98,149.66,146.18,146.92
MRNA,2023-03-29,149.0,150.09,147.555,148.8
MRNA,2023-03-30,150.2,151.25,146.595,147.44
MRNA,2023-03-31,148.52,154.98,147.89,153.58
MRNA,2023-04-03,153.5,159.99,153.5,159.48
MRNA,2023-04-04,159.21,159.68,156.03,156.52
MRNA,2023-04-05,155.79,156.87,152.249,154.61
MRNA,2023-04-06,155.0,159.07,153.49,158.27
MRNA,2023-04-10,160.0,161.19,154.445,160.15
MRNA,2023-04-11,152.43,156.78,149.32,155.25
MRNA,2023-04-12,156.35,159.05,154.62,155.56
MRNA,2023-04-13,156.61,162.1,155.32,160.53
MRNA,2023-04-14,159.95,163.24,155.35,157.1
MRNA,2023-04-17,156.6,156.75,143.206,143.97
MRNA,2023-04-18,144.0,144.93,141.01,142.63
MRNA,2023-04-19,141.57,144.06,141.25,142.82
MRNA,2023-04-20,141.4,144.43,140.44,141.14
MRNA,2023-04-21,141.01,142.82,138.55,140.85
MRNA,2023-04-24,140.87,141.2,136.05,138.14
MRNA,2023-04-25,138.13,139.62,134.7,134.9
MRNA,2023-04-26,134.81,135.97,129.88,130.72
MRNA,2023-04-27,130.89,132.27,129.65,130.07
MRNA,2023-04-28,130.04,133.26,129.02,132.89
MRNA,2023-05-01,132.0,134.53,130.71,133.4
MRNA,2023-05-02,133.51,135.56,130.54,131.4
MRNA,2023-05-03,130.52,132.88,129.85,130.14
MRNA,2023-05-04,133.93,138.22,129.75,134.33
MRNA,2023-05-05,134.65,138.18,132.14,137.04
MRNA,2023-05-08,136.24,137.13,131.2,131.75
MRNA,2023-05-09,131.48,133.88,130.91,133.77
MRNA,2023-05-10,134.56,135.33,130.37,130.83
MRNA,2023-05-11,130.97,131.4,126.55,128.41
MRNA,2023-05-12,128.5,131.06,128.05,129.3
MRNA,2023-05-15,128.7,130.75,126.497,130.26
MRNA,2023-05-16,129.37,129.5,124.25,125.11
MRNA,2023-05-17,124.25,126.99,122.56,125.57
MRNA,2023-05-18,125.92,126.01,122.99,125.33
MRNA,2023-05-19,126.18,126.88,124.58,126.24
MRNA,2023-05-22,126.25,127.83,125.69,126.74
MRNA,2023-05-23,126.49,139.91,125.6,137.75
MRNA,2023-05-24,141.19,142.79,130.34,131.59
MRNA,2023-05-25,130.0,130.16,125.8,126.47
MRNA,2023-05-26,128.49,128.49,124.25,126.24
MRNA,2023-05-30,126.47,129.24,124.23,128.89
MRNA,2023-05-31,128.88,130.45,125.16,127.71
MRNA,2023-06-01,128.44,129.09,125.5,128.52
MRNA,2023-06-02,129.75,131.65,128.82,130.51
MRNA,2023-06-05,131.0,134.585,128.84,128.9
MRNA,2023-06-06,129.0,129.15,124.75,126.9
MRNA,2023-06-07,126.59,127.09,125.3,125.61
MRNA,2023-06-08,125.41,125.41,122.28,124.94
MRNA,2023-06-09,124.7,125.626,122.8,123.26
MRNA,2023-06-12,123.36,123.88,121.553,123.52
MRNA,2023-06-13,123.25,128.84,122.9,127.98
MRNA,2023-06-14,128.08,128.62,124.61,126.05
MRNA,2023-06-15,126.0,130.19,125.08,129.98
MRNA,2023-06-16,130.95,133.165,126.98,128.73
MRNA,2023-06-20,127.8,128.2,124.06,124.23
MRNA,2023-06-21,123.5,124.16,121.0,121.07
MRNA,2023-06-22,121.0,121.32,118.44,120.48
MRNA,2023-06-23,119.7,120.12,117.227,118.5
MRNA,2023-06-26,121.985,122.95,119.208,120.41
MRNA,2023-06-27,120.45,120.89,118.51,120.67
MRNA,2023-06-28,121.19,123.225,119.16,123.0
MRNA,2023-06-29,122.5,122.978,121.3,122.11
MRNA,2023-06-30,123.15,123.61,121.5,121.5
MRNA,2023-07-03,121.75,122.94,120.12,121.73
MRNA,2023-07-05,122.89,128.98,122.51,123.54
MRNA,2023-07-06,122.51,123.27,117.11,118.29
MRNA,2023-07-07,118.01,120.14,117.815,118.87
MRNA,2023-07-10,118.87,123.6,118.64,123.09
MRNA,2023-07-11,123.44,124.5,121.205,122.13
MRNA,2023-07-12,124.46,127.38,123.55,125.92
MRNA,2023-07-13,126.52,128.06,126.06,126.61
MRNA,2023-07-14,124.52,124.882,120.58,121.35
MRNA,2023-07-17,120.6,122.84,120.07,122.6
MRNA,2023-07-18,122.6,125.49,121.75,122.61
MRNA,2023-07-19,123.49,126.78,123.22,125.17
MRNA,2023-07-20,124.58,127.48,124.58,124.77
MRNA,2023-07-21,125.73,127.22,121.61,126.43
MRNA,2023-07-24,126.43,126.46,121.28,123.01
MRNA,2023-07-25,123.18,125.36,121.78,121.87
MRNA,2023-07-26,121.87,121.95,118.9,120.65
MRNA,2023-07-27,121.5,122.14,118.25,118.51
MRNA,2023-07-28,119.23,120.23,118.48,118.66
MRNA,2023-07-31,118.72,119.035,117.05,117.66
MRNA,2023-08-01,117.0,117.046,113.77,113.94
MRNA,2023-08-02,112.6,114.12,110.04,110.22
MRNA,2023-08-03,108.63,114.77,108.26,109.95
MRNA,2023-08-04,108.89,111.68,107.6,108.19
MRNA,2023-08-07,106.53,106.53,98.43,101.2
MRNA,2023-08-08,101.36,101.825,98.86,99.74
MRNA,2023-08-09,99.57,102.85,98.6384,101.82
MRNA,2023-08-10,102.88,104.17,99.69,100.28
MRNA,2023-08-11,99.08,102.02,98.95,101.49
MRNA,2023-08-14,100.87,100.87,97.8,100.0
MRNA,2023-08-15,98.73,98.93,96.1038,96.41
MRNA,2023-08-16,95.46,99.74,95.02,98.92
MRNA,2023-08-17,98.99,106.58,98.92,106.24
MRNA,2023-08-18,105.9,107.26,101.4,101.62
MRNA,2023-08-21,101.99,112.32,101.82,111.08
MRNA,2023-08-22,112.5,116.88,112.46,116.24
MRNA,2023-08-23,117.34,117.68,111.85,115.46
MRNA,2023-08-24,114.93,115.37,112.58,112.65
MRNA,2023-08-25,113.65,114.7,109.81,111.93
MRNA,2023-08-28,114.73,116.95,113.0,113.83
MRNA,2023-08-29,113.75,116.44,113.72,115.99
MRNA,2023-08-30,116.19,118.07,114.0,116.62
MRNA,2023-08-31,116.44,116.6,112.86,113.07
MRNA,2023-09-01,114.21,114.72,111.575,112.56
MRNA,2023-09-05,112.72,112.779,108.985,109.36
MRNA,2023-09-06,109.75,109.75,106.6,108.24
MRNA,2023-09-07,107.61,110.12,106.7,108.35
MRNA,2023-09-08,107.62,109.47,106.87,107.64
MRNA,2023-09-11,106.8,107.25,104.5,105.8
MRNA,2023-09-12,105.37,106.175,103.533,105.24
MRNA,2023-09-13,113.8,114.88,107.24,108.59
MRNA,2023-09-14,108.59,114.33,106.39,112.81
MRNA,2023-09-15,112.99,115.25,111.9,114.59
MRNA,2023-09-18,114.205,114.3,103.81,104.14
MRNA,2023-09-19,102.31,107.79,101.85,106.74
MRNA,2023-09-20,106.65,106.66,103.268,103.53
MRNA,2023-09-21,101.78,103.593,100.07,100.23
MRNA,2023-09-22,100.77,100.98,98.51,99.99
MRNA,2023-09-25,99.52,99.8,97.11,98.17
MRNA,2023-09-26,98.57,99.621,97.89,98.12
MRNA,2023-09-27,98.76,100.33,97.9001,99.44
MRNA,2023-09-28,98.94,101.03,97.32,100.27
MRNA,2023-09-29,100.97,104.74,100.97,103.29
MRNA,2023-10-02,103.12,104.06,101.48,103.31
MRNA,2023-10-03,101.93,103.68,100.92,103.08
MRNA,2023-10-04,104.61,104.816,99.3301,104.26
MRNA,2023-10-05,103.7,104.358,99.61,102.97
MRNA,2023-10-06,101.63,104.97,101.11,103.88
MRNA,2023-10-09,102.73,102.77,98.01,101.84
MRNA,2023-10-10,101.95,104.842,101.5,104.43
MRNA,2023-10-11,104.96,105.941,102.43,102.76
MRNA,2023-10-12,102.0,102.81,100.31,100.78
MRNA,2023-10-13,100.0,100.59,97.56,98.3
MRNA,2023-10-16,95.3,96.65,90.18,91.94
MRNA,2023-10-17,90.38,91.69,86.24,86.33
MRNA,2023-10-18,85.55,87.55,85.1,86.01
MRNA,2023-10-19,85.81,86.89,80.48,82.37
MRNA,2023-10-20,82.13,82.45,79.71,80.4
MRNA,2023-10-23,79.15,80.815,78.28,78.64
MRNA,2023-10-24,78.81,81.624,78.81,79.76
MRNA,2023-10-25,78.55,78.82,75.89,76.76
MRNA,2023-10-26,76.73,77.2199,75.44,75.98
MRNA,2023-10-27,75.9,76.5595,71.55,71.91
MRNA,2023-10-30,71.88,74.4,71.8,74.07
MRNA,2023-10-31,72.91,76.15,72.65,75.96
MRNA,2023-11-01,75.22,77.0,74.62,76.2
MRNA,2023-11-02,64.35,73.3,62.55,71.23
MRNA,2023-11-03,73.09,79.25,73.0428,77.53
MRNA,2023-11-06,78.04,79.0571,71.7,72.07
MRNA,2023-11-07,72.22,73.72,71.34,73.66
MRNA,2023-11-08,73.65,73.67,70.1123,71.34
MRNA,2023-11-09,71.74,71.8,68.95,69.51
MRNA,2023-11-10,69.6,70.28,67.85,70.05
MRNA,2023-11-13,69.59,70.26,67.62,70.21
MRNA,2023-11-14,73.62,74.75,72.99,74.1
MRNA,2023-11-15,74.46,78.3,74.21,76.35
MRNA,2023-11-16,76.15,76.62,74.18,76.55
MRNA,2023-11-17,77.15,77.42,74.78,76.44
MRNA,2023-11-20,76.8,79.8,76.01,78.96
MRNA,2023-11-21,77.08,77.67,75.9,77.14
MRNA,2023-11-22,78.06,78.67,76.835,78.17
MRNA,2023-11-24,78.66,81.12,77.77,78.52
MRNA,2023-11-27,78.36,78.36,75.66,77.72
MRNA,2023-11-28,77.32,78.25,75.84,78.18
MRNA,2023-11-29,78.95,80.89,78.85,79.01
MRNA,2023-11-30,79.63,80.2,77.52,77.66
MRNA,2023-12-01,76.58,80.26,74.5,79.83
MRNA,2023-12-04,79.56,80.73,77.66,79.87
MRNA,2023-12-05,78.3,79.7185,77.7,78.28
MRNA,2023-12-06,78.97,84.12,77.6401,80.6
MRNA,2023-12-07,80.49,80.53,77.4,79.95
MRNA,2023-12-08,79.16,81.82,78.76,80.32
MRNA,2023-12-11,79.94,82.56,79.77,82.0
MRNA,2023-12-12,81.24,81.39,76.41,78.04
MRNA,2023-12-13,76.0,78.72,73.25,78.6
MRNA,2023-12-14,88.47,94.93,83.73,85.87
MRNA,2023-12-15,87.03,89.53,85.4,86.01
MRNA,2023-12-18,85.87,86.8,83.6,85.42
MRNA,2023-12-19,86.41,89.295,84.8,89.09
MRNA,2023-12-20,88.93,90.18,86.12,86.19
MRNA,2023-12-21,87.5,92.3848,86.68,91.16
MRNA,2023-12-22,92.0,96.49,91.95,94.89
MRNA,2023-12-26,96.39,97.77,94.3417,97.33
MRNA,2023-12-27,98.47,100.98,97.3633,100.73
MRNA,2023-12-28,101.6,102.95,97.91,98.79
MRNA,2023-12-29,98.61,100.8,98.02,99.45
MRNA,2024-01-02,99.88,115.68,99.4,112.5
MRNA,2024-01-03,112.51,112.67,107.58,108.58
MRNA,2024-01-04,109.01,109.41,105.51,108.66
MRNA,2024-01-05,107.77,115.81,106.5,111.12
MRNA,2024-01-08,111.47,115.97,108.62,115.44
MRNA,2024-01-09,113.88,114.25,108.875,110.18
MRNA,2024-01-10,110.0,110.01,106.65,109.46
MRNA,2024-01-11,108.61,108.61,105.53,106.795
MRNA,2024-01-12,107.0,110.8,105.88,105.95
MRNA,2024-01-16,104.31,104.31,97.52,102.16
MRNA,2024-01-17,98.3,101.49,97.61,100.35
MRNA,2024-01-18,100.01,100.01,96.65,99.07
MRNA,2024-01-19,98.43,100.44,97.0799,99.7
MRNA,2024-01-22,100.25,102.97,98.6,99.7
MRNA,2024-01-23,100.5,102.94,99.54,101.92
MRNA,2024-01-24,103.2,104.27,101.01,101.11
MRNA,2024-01-25,101.76,103.815,101.07,102.81
MRNA,2024-01-26,103.55,103.9,101.01,101.81
MRNA,2024-01-29,101.79,105.81,100.01,104.84
MRNA,2024-01-30,103.51,104.0,101.9,102.47
MRNA,2024-01-31,102.47,104.09,100.5,101.05
MRNA,2024-02-01,100.9,101.0,97.17,99.02
MRNA,2024-02-02,97.39,98.21,95.3,97.5
MRNA,2024-02-05,96.7,96.95,94.1737,95.49
MRNA,2024-02-06,95.65,100.103,95.14,100.03
MRNA,2024-02-07,100.15,100.24,97.86,99.3
MRNA,2024-02-08,99.0,99.0,92.95,93.66
MRNA,2024-02-09,93.36,93.36,86.41,87.41
MRNA,2024-02-12,87.41,89.07,85.75,89.0
MRNA,2024-02-13,86.81,88.3,84.06,85.37
MRNA,2024-02-14,86.04,86.85,84.23,85.95
MRNA,2024-02-15,86.13,92.08,84.8,91.14
MRNA,2024-02-16,90.41,90.85,87.37,88.37
MRNA,2024-02-20,87.36,89.54,86.48,86.99
MRNA,2024-02-21,86.15,88.57,85.53,87.59
MRNA,2024-02-22,91.865,101.73,91.06,99.44
MRNA,2024-02-23,99.6,100.97,95.32,96.46
MRNA,2024-02-26,93.68,94.79,91.46,94.02
MRNA,2024-02-27,94.31,97.47,92.5,96.2
MRNA,2024-02-28,95.0,99.27,94.34,97.48
MRNA,2024-02-29,96.79,97.24,92.22,92.24
MRNA,2024-03-01,92.52,96.88,92.11,95.06
MRNA,2024-03-04,94.65,96.135,92.6,96.0
MRNA,2024-03-05,94.65,96.17,93.35,95.56
MRNA,2024-03-06,96.38,98.51,95.5801,98.1
MRNA,2024-03-07,99.1,99.92,96.515,99.48
MRNA,2024-03-08,99.21,103.95,98.65,103.03
MRNA,2024-03-11,103.44,114.25,102.75,111.98
MRNA,2024-03-12,112.0,113.7,109.922,110.43
MRNA,2024-03-13,110.43,112.65,105.99,106.51
MRNA,2024-03-14,106.14,106.99,101.88,103.46
MRNA,2024-03-15,103.17,104.725,100.94,103.85
MRNA,2024-03-18,104.98,107.59,103.65,104.26
MRNA,2024-03-19,103.9,105.55,102.64,105.11
MRNA,2024-03-20,103.41,103.597,100.3,103.08
MRNA,2024-03-21,104.5,106.38,102.55,104.09
MRNA,2024-03-22,104.11,105.97,103.51,105.43
MRNA,2024-03-25,106.0,110.75,105.9,110.38
MRNA,2024-03-26,111.8,111.8,106.93,107.41
MRNA,2024-03-27,109.58,111.125,105.04,110.59
MRNA,2024-03-28,111.1,112.0,105.95,106.56
MRNA,2024-04-01,106.29,106.65,103.55,105.6
MRNA,2024-04-02,104.71,105.948,103.07,103.61
MRNA,2024-04-03,103.0,105.15,97.0,101.21
MRNA,2024-04-04,102.69,105.98,101.72,102.27
MRNA,2024-04-05,101.76,103.82,101.05,102.88
MRNA,2024-04-08,102.27,105.225,101.06,105.14
MRNA,2024-04-09,105.9,115.89,105.78,111.6
MRNA,2024-04-10,107.65,110.285,105.9,107.14
MRNA,2024-04-11,107.56,108.6,103.68,107.01
MRNA,2024-04-12,106.0,107.88,104.65,105.14
MRNA,2024-04-15,105.02,106.2,102.3,103.86
MRNA,2024-04-16,102.08,106.42,101.297,103.79
MRNA,2024-04-17,105.14,105.14,102.27,103.44
MRNA,2024-04-18,102.53,103.505,99.9,102.0
MRNA,2024-04-19,102.37,103.795,100.45,101.41
MRNA,2024-04-22,102.79,105.43,99.3,104.46
MRNA,2024-04-23,104.46,108.21,103.48,107.89
MRNA,2024-04-24,111.05,111.29,106.64,108.85
MRNA,2024-04-25,107.43,108.23,103.52,106.18
MRNA,2024-04-26,106.18,108.19,105.25,107.97
MRNA,2024-04-29,108.78,112.33,108.72,111.62
MRNA,2024-04-30,110.5,113.21,109.55,110.31
MRNA,2024-05-01,111.11,113.73,109.0,111.46
MRNA,2024-05-02,114.86,128.81,114.06,125.59
MRNA,2024-05-03,125.0,126.4,122.01,125.0
MRNA,2024-05-06,125.0,125.15,118.75,122.13
MRNA,2024-05-07,122.86,123.5,118.68,121.07
MRNA,2024-05-08,120.0,122.825,119.5,121.89
MRNA,2024-05-09,123.15,125.5,121.68,122.69
MRNA,2024-05-10,120.75,124.9,116.732,117.31
MRNA,2024-05-13,119.47,126.88,119.03,125.67
MRNA,2024-05-14,127.0,129.94,126.339,128.32
MRNA,2024-05-15,127.49,129.2,124.98,129.06
MRNA,2024-05-16,129.76,133.04,127.83,132.68
MRNA,2024-05-17,132.52,134.6,129.67,132.9
MRNA,2024-05-20,132.98,142.79,131.72,141.01
MRNA,2024-05-21,139.47,143.87,138.104,143.69
MRNA,2024-05-22,142.9,164.88,142.81,163.33
MRNA,2024-05-23,160.0,165.14,157.46,164.01
MRNA,2024-05-24,163.675,170.47,162.0,166.61
MRNA,2024-05-28,161.64,164.725,148.5,153.2
MRNA,2024-05-29,150.0,150.0,140.23,147.92
MRNA,2024-05-30,150.35,152.79,143.52,151.49
MRNA,2024-05-31,152.1,158.129,140.74,142.55
MRNA,2024-06-03,139.75,150.8,137.52,147.82
MRNA,2024-06-04,147.66,147.66,141.3,145.34
MRNA,2024-06-05,146.75,155.39,145.035,154.84
MRNA,2024-06-06,157.95,158.82,152.39,154.69
MRNA,2024-06-07,152.79,153.56,149.13,151.01
MRNA,2024-06-10,151.5,152.28,143.99,148.7
MRNA,2024-06-11,148.3,150.65,146.95,148.39
MRNA,2024-06-12,150.0,150.74,142.27,147.72
MRNA,2024-06-13,147.0,148.84,144.87,145.15
MRNA,2024-06-14,142.67,145.735,138.17,140.03
MRNA,2024-06-17,138.16,139.92,135.27,137.9
MRNA,2024-06-18,136.58,137.27,131.52,133.27
MRNA,2024-06-20,132.54,136.7,130.5,134.37
MRNA,2024-06-21,136.0,136.36,132.155,133.4
MRNA,2024-06-24,134.57,137.57,133.17,137.0
MRNA,2024-06-25,136.0,138.07,134.73,137.6
MRNA,2024-06-26,135.17,135.37,122.12,122.45
MRNA,2024-06-27,121.9,122.28,118.52,121.18
MRNA,2024-06-28,122.59,123.25,118.03,118.72
MRNA,2024-07-01,117.05,123.74,115.14,115.95
MRNA,2024-07-02,117.34,119.14,114.02,117.07
MRNA,2024-07-03,118.74,119.39,115.3,115.95
MRNA,2024-07-05,117.3,118.88,115.7,118.32
MRNA,2024-07-08,118.41,119.3,115.56,116.45
MRNA,2024-07-09,116.71,118.84,115.4,116.07
